customer_id,total_orders,total_revenue,total_profit,avg_order_value,avg_margin,recency,r_score,f_score,m_score,churned,cluster,cluster_label
CUST0001,8,6855.3099999999995,3100.1400000000003,856.9137499999999,60.6075,112,2,1,4,0,0,High Value
CUST0002,20,16743.78,8886.08,837.189,60.362,65,3,5,5,0,2,Low Value
CUST0003,11,4824.86,2580.97,438.6236363636363,59.53272727272727,24,4,2,2,0,0,High Value
CUST0004,6,8231.34,4350.51,1371.89,61.18166666666667,70,3,1,4,0,0,High Value
CUST0005,12,4851.06,2488.73,404.25500000000005,56.696666666666665,70,3,2,2,0,0,High Value
CUST0006,11,6400.42,3683.04,581.8563636363637,61.16909090909091,30,4,2,3,0,0,High Value
CUST0007,3,79.96000000000001,51.22,39.980000000000004,64.175,343,1,1,1,1,3,At Risk
CUST0008,13,6260.04,3270.58,481.54153846153844,60.88384615384616,123,2,3,3,0,1,Medium Value
CUST0009,18,2978.4,1635.21,165.46666666666667,62.906666666666666,79,2,5,1,0,1,Medium Value
CUST0010,10,4499.61,2465.06,449.96099999999996,60.294000000000004,2,5,2,2,0,0,High Value
CUST0011,17,13141.57,7090.4,773.0335294117647,58.16470588235294,102,2,5,5,0,2,Low Value
CUST0012,15,13471.42,6999.7699999999995,962.2442857142858,54.160000000000004,9,5,4,5,0,2,Low Value
CUST0013,12,4253.13,2412.2599999999998,354.4275,59.58833333333333,116,2,3,2,0,0,High Value
CUST0014,12,4665.13,2632.52,388.7608333333333,61.8725,146,1,3,2,0,3,At Risk
CUST0015,17,11310.92,5877.6900000000005,706.9325,59.070625,22,4,5,5,0,2,Low Value
CUST0016,13,10271.68,5309.969999999999,790.1292307692308,56.71692307692308,238,1,3,5,1,3,At Risk
CUST0017,11,8844.91,4287.59,804.0827272727273,58.59090909090909,62,3,2,4,0,0,High Value
CUST0018,13,5557.02,3045.97,427.463076923077,60.073846153846155,39,4,3,3,0,1,Medium Value
CUST0019,11,2202.8199999999997,1359.56,220.28199999999998,64.288,40,4,2,1,0,0,High Value
CUST0020,14,12243.9,6607.9400000000005,941.8384615384615,61.66307692307692,86,2,4,5,0,2,Low Value
CUST0021,6,3170.8799999999997,1917.52,528.4799999999999,65.11999999999999,238,1,1,1,1,3,At Risk
CUST0022,11,8604.08,4635.09,782.1890909090909,60.71545454545455,86,2,2,4,0,0,High Value
CUST0023,13,2935.91,1658.92,225.83923076923077,62.980000000000004,3,5,3,1,0,1,Medium Value
CUST0024,14,10265.87,5469.030000000001,733.2764285714286,61.097857142857144,4,5,4,5,0,2,Low Value
CUST0025,8,2088.73,1116.54,261.09125,58.35,105,2,1,1,0,0,High Value
CUST0026,12,5633.41,3087.16,469.4508333333333,58.95916666666667,155,1,3,3,0,3,At Risk
CUST0027,14,3332.0,2035.14,238.0,62.36,43,4,4,2,0,1,Medium Value
CUST0028,15,8488.47,4873.02,565.8979999999999,60.768,35,4,4,4,0,1,Medium Value
CUST0029,8,11189.88,5907.12,1398.735,61.4775,156,1,1,5,0,0,High Value
CUST0030,11,2334.04,1419.86,233.404,65.808,48,3,2,1,0,0,High Value
CUST0031,8,3847.6099999999997,2035.76,480.95124999999996,62.55875,104,2,1,2,0,0,High Value
CUST0032,13,6533.79,3022.3,502.59923076923076,61.143846153846155,69,3,3,3,0,1,Medium Value
CUST0033,11,1740.74,969.01,158.2490909090909,61.61363636363637,64,3,2,1,0,0,High Value
CUST0034,10,8028.839999999999,4585.240000000001,802.8839999999999,61.51899999999999,55,3,2,4,0,0,High Value
CUST0035,14,5484.68,2988.21,391.7628571428572,60.89928571428571,3,5,4,3,0,1,Medium Value
CUST0036,9,3153.3700000000003,1790.16,350.37444444444446,58.75,2,5,1,1,0,0,High Value
CUST0037,9,2308.26,1219.1,288.5325,60.61875,102,2,1,1,0,0,High Value
CUST0038,5,970.3600000000001,503.61,194.07200000000003,59.378,341,1,1,1,1,3,At Risk
CUST0039,15,4616.6900000000005,2594.35,307.77933333333334,62.507333333333335,8,5,4,2,0,1,Medium Value
CUST0040,8,5405.22,2787.5099999999998,675.6525,61.3425,64,3,1,3,0,0,High Value
CUST0041,16,9188.630000000001,5184.29,574.2893750000001,62.303125,29,4,5,5,0,1,Medium Value
CUST0042,18,9771.94,5336.54,542.8855555555556,60.97222222222222,100,2,5,5,0,2,Low Value
CUST0043,11,986.83,612.42,89.71181818181819,65.8509090909091,119,2,2,1,0,0,High Value
CUST0044,11,5753.82,3090.83,523.0745454545454,59.83090909090909,248,1,2,3,1,3,At Risk
CUST0045,11,2379.14,1233.02,264.3488888888889,57.86555555555555,76,3,2,1,0,0,High Value
CUST0046,15,8158.36,4014.46,543.8906666666667,57.45333333333333,57,3,4,4,0,1,Medium Value
CUST0047,11,7042.55,3503.65,704.255,54.791,77,2,2,4,0,0,High Value
CUST0048,17,12741.74,6343.4400000000005,749.5141176470588,62.53294117647059,107,2,5,5,0,2,Low Value
CUST0049,15,10381.19,5740.3,692.0793333333334,58.614000000000004,75,3,4,5,0,2,Low Value
CUST0050,11,2642.42,1571.08,240.22,64.9309090909091,262,1,2,1,1,3,At Risk
CUST0051,8,4454.3099999999995,2830.48,556.7887499999999,62.56125,118,2,1,2,0,0,High Value
CUST0052,10,6085.68,3177.9,608.568,60.763999999999996,58,3,2,3,0,0,High Value
CUST0053,13,2660.49,1602.15,204.6530769230769,64.47923076923077,1,5,3,1,0,1,Medium Value
CUST0054,19,8049.32,4061.34,423.6484210526316,61.67263157894737,158,1,5,4,0,1,Medium Value
CUST0055,14,6763.349999999999,3439.07,520.2576923076923,57.860769230769236,31,4,4,4,0,1,Medium Value
CUST0056,8,4768.74,2619.79,596.0925,56.193749999999994,11,5,1,2,0,0,High Value
CUST0057,8,3967.06,2102.12,495.8825,57.5275,118,2,1,2,0,0,High Value
CUST0058,8,3699.09,1812.21,462.38625,60.68,48,3,1,2,0,0,High Value
CUST0059,12,4001.7000000000003,2036.5,333.475,61.35583333333333,50,3,3,2,0,0,High Value
CUST0060,9,6144.32,3034.61,682.7022222222222,55.46666666666667,507,1,1,3,1,3,At Risk
CUST0061,13,9176.44,3910.44,705.88,59.33769230769231,118,2,3,4,0,1,Medium Value
CUST0062,14,3770.52,2174.2400000000002,269.3228571428571,63.22428571428571,81,2,4,2,0,1,Medium Value
CUST0063,17,5516.93,2974.77,324.5252941176471,62.81764705882353,3,5,5,3,0,1,Medium Value
CUST0064,11,6217.5199999999995,3136.41,565.2290909090908,60.629090909090905,5,5,2,3,0,0,High Value
CUST0065,8,2022.76,1060.81,252.845,55.9,14,5,1,1,0,0,High Value
CUST0066,13,6658.75,3490.58,512.2115384615385,60.00923076923077,47,3,3,3,0,1,Medium Value
CUST0067,8,880.65,512.66,110.08125,62.485,363,1,1,1,1,3,At Risk
CUST0068,17,24028.86,12028.88,1413.4623529411765,56.09529411764706,17,4,5,5,0,2,Low Value
CUST0069,8,2255.11,1343.9099999999999,281.88875,62.28125,9,5,1,1,0,0,High Value
CUST0070,19,18007.34,9917.869999999999,947.7547368421052,62.22947368421052,8,5,5,5,0,2,Low Value
CUST0071,8,3051.9700000000003,1801.6200000000001,381.49625000000003,62.552499999999995,21,4,1,1,0,0,High Value
CUST0072,16,7982.88,4522.41,532.192,60.426,33,4,5,4,0,1,Medium Value
CUST0073,11,3191.8,1776.1200000000001,290.1636363636364,61.52818181818182,153,1,2,2,0,3,At Risk
CUST0074,10,3538.62,1943.3899999999999,353.86199999999997,59.983000000000004,8,5,2,2,0,0,High Value
CUST0075,12,8576.47,4451.43,714.7058333333333,61.93333333333334,20,4,3,4,0,1,Medium Value
CUST0076,9,2812.67,1481.0700000000002,312.5188888888889,63.611111111111114,41,4,1,1,0,0,High Value
CUST0077,14,4051.23,2081.2400000000002,289.37357142857144,62.871428571428574,93,2,4,2,0,1,Medium Value
CUST0078,15,8316.82,3907.6600000000003,554.4546666666666,59.29666666666667,80,2,4,4,0,1,Medium Value
CUST0079,13,3533.74,1975.27,271.82615384615383,60.33461538461539,59,3,3,2,0,1,Medium Value
CUST0080,8,1607.78,932.95,200.9725,62.2625,354,1,1,1,1,3,At Risk
CUST0081,10,4100.18,2335.16,410.01800000000003,61.032,121,2,2,2,0,0,High Value
CUST0082,13,7638.85,3431.86,587.6038461538462,57.660000000000004,48,3,3,4,0,1,Medium Value
CUST0083,8,9733.63,5005.93,1216.70375,59.268750000000004,104,2,1,5,0,0,High Value
CUST0084,12,5484.400000000001,2949.94,457.03333333333336,62.44833333333333,38,4,3,3,0,0,High Value
CUST0085,18,16636.49,8603.33,978.6170588235295,60.669999999999995,1,5,5,5,0,2,Low Value
CUST0086,9,1794.31,1122.96,199.36777777777777,64.66888888888889,184,1,1,1,1,3,At Risk
CUST0087,10,8532.3,3708.51,853.2299999999999,56.448,54,3,2,4,0,0,High Value
CUST0088,14,6355.29,3650.15,453.94928571428574,58.916428571428575,16,5,4,3,0,1,Medium Value
CUST0089,14,4479.3,2433.72,319.95,58.43142857142857,7,5,4,2,0,1,Medium Value
CUST0090,14,6713.27,3657.45,479.51928571428573,60.67285714285715,181,1,4,3,1,3,At Risk
CUST0091,7,1153.54,668.88,164.79142857142855,63.597142857142856,210,1,1,1,1,3,At Risk
CUST0092,14,14814.980000000001,6999.22,1058.2128571428573,60.45928571428572,21,4,4,5,0,2,Low Value
CUST0093,18,5023.39,2800.6,279.07722222222225,63.11666666666666,36,4,5,3,0,1,Medium Value
CUST0094,14,5656.51,2765.17,404.0364285714286,61.300714285714285,201,1,4,3,1,3,At Risk
CUST0095,8,1586.68,1003.52,226.66857142857143,62.527142857142856,362,1,1,1,1,3,At Risk
CUST0096,15,5880.56,3043.92,392.0373333333334,62.559333333333335,97,2,4,3,0,1,Medium Value
CUST0097,14,8059.17,4335.39,575.655,61.73714285714285,44,3,4,4,0,1,Medium Value
CUST0098,8,7631.01,4410.15,953.87625,59.45125,14,5,1,4,0,0,High Value
CUST0099,11,7790.2300000000005,3872.0400000000004,708.2027272727273,59.56545454545455,2,5,2,4,0,0,High Value
CUST0100,11,5826.97,2891.22,529.7245454545455,56.65181818181818,34,4,2,3,0,0,High Value
CUST0101,8,2254.55,1180.01,322.0785714285715,63.04,8,5,1,1,0,0,High Value
CUST0102,12,5132.87,2736.7400000000002,427.7391666666667,55.81583333333333,63,3,3,3,0,0,High Value
CUST0103,6,2013.05,1107.8500000000001,335.5083333333333,59.718333333333334,30,4,1,1,0,0,High Value
CUST0104,13,4199.51,2465.52,323.0392307692308,61.600769230769224,81,2,3,2,0,1,Medium Value
CUST0105,12,7699.09,3894.64,641.5908333333333,58.57583333333333,79,2,3,4,0,1,Medium Value
CUST0106,16,4365.41,2478.6,272.838125,63.55,8,5,5,2,0,1,Medium Value
CUST0107,5,2907.35,1552.21,581.47,53.260000000000005,512,1,1,1,1,3,At Risk
CUST0108,10,6346.16,2451.14,634.616,56.052,67,3,2,3,0,0,High Value
CUST0109,10,7206.86,3934.3599999999997,720.6859999999999,61.346000000000004,76,2,2,4,0,0,High Value
CUST0110,12,2829.64,1734.3700000000001,235.8033333333333,62.784166666666664,216,1,3,1,1,3,At Risk
CUST0111,16,10695.26,5198.3099999999995,668.45375,57.4225,8,5,5,5,0,2,Low Value
CUST0112,7,6490.78,3466.5099999999998,927.2542857142856,57.48857142857143,1,5,1,3,0,0,High Value
CUST0113,15,5140.49,2826.33,342.6993333333333,60.882,65,3,4,3,0,1,Medium Value
CUST0114,16,13787.32,6331.4,861.7075,54.56625,100,2,5,5,0,2,Low Value
CUST0115,16,10540.31,6054.64,658.769375,61.998125,55,3,5,5,0,2,Low Value
CUST0116,9,4527.889999999999,2689.88,503.09888888888884,60.733333333333334,155,1,1,2,0,3,At Risk
CUST0117,13,4807.87,2531.26,369.8361538461538,58.90846153846154,175,1,3,2,0,3,At Risk
CUST0118,14,7173.28,3534.56,551.7907692307692,63.23230769230769,64,3,4,4,0,1,Medium Value
CUST0119,7,6022.28,3013.69,860.3257142857143,57.529999999999994,93,2,1,3,0,0,High Value
CUST0120,10,2272.43,1358.91,284.05375,62.9425,193,1,2,1,1,3,At Risk
CUST0121,14,7054.08,3645.37,503.86285714285714,60.675000000000004,59,3,4,4,0,1,Medium Value
CUST0122,10,5882.49,2799.47,588.249,60.749,21,4,2,3,0,0,High Value
CUST0123,11,7200.74,3832.15,720.074,57.65,141,1,2,4,0,0,High Value
CUST0124,12,23777.8,12242.2,1981.4833333333333,57.219166666666666,119,2,3,5,0,2,Low Value
CUST0125,16,7958.14,4299.47,497.38375,61.111875,79,2,5,4,0,1,Medium Value
CUST0126,16,11892.52,5749.48,743.2825,58.878125,3,5,5,5,0,2,Low Value
CUST0127,9,14539.57,7137.55,1615.5077777777778,57.87888888888889,6,5,1,5,0,2,Low Value
CUST0128,14,4408.21,2380.55,314.8721428571429,60.925714285714285,48,3,4,2,0,1,Medium Value
CUST0129,14,3155.96,1822.65,225.4257142857143,61.95142857142857,123,2,4,1,0,1,Medium Value
CUST0130,14,7033.47,3704.27,541.0361538461539,60.16923076923077,29,4,4,4,0,1,Medium Value
CUST0131,14,4531.4,2438.66,323.6714285714285,60.35285714285715,53,3,4,2,0,1,Medium Value
CUST0132,15,8412.82,4565.74,560.8546666666666,59.77333333333333,86,2,4,4,0,1,Medium Value
CUST0133,12,4943.47,2765.15,411.9558333333334,58.47833333333333,24,4,3,2,0,0,High Value
CUST0134,19,7680.34,3980.5299999999997,404.2284210526316,62.06105263157895,74,3,5,4,0,1,Medium Value
CUST0135,16,11227.25,5657.86,701.703125,62.08875,12,5,5,5,0,2,Low Value
CUST0136,11,7936.88,4327.66,793.688,59.352,16,5,2,4,0,0,High Value
CUST0137,14,7189.48,3910.07,513.5342857142857,58.21071428571429,22,4,4,4,0,1,Medium Value
CUST0138,13,6571.5199999999995,3712.86,547.6266666666667,60.580000000000005,16,5,3,3,0,1,Medium Value
CUST0139,7,2128.5699999999997,1243.73,304.08142857142855,66.69142857142857,35,4,1,1,0,0,High Value
CUST0140,16,11498.86,6113.0,718.67875,57.966875,98,2,5,5,0,2,Low Value
CUST0141,11,5278.540000000001,2899.44,479.8672727272728,61.26636363636364,68,3,2,3,0,0,High Value
CUST0142,10,3001.3,1826.95,300.13,65.946,42,4,2,1,0,0,High Value
CUST0143,21,11305.029999999999,6314.97,538.3347619047619,59.701904761904764,30,4,5,5,0,2,Low Value
CUST0144,5,7448.29,4105.12,1489.658,54.028,44,3,1,4,0,0,High Value
CUST0145,15,6433.49,3611.96,428.89933333333335,59.531333333333336,119,2,4,3,0,1,Medium Value
CUST0146,20,6667.83,4109.92,333.3915,63.685500000000005,86,2,5,3,0,1,Medium Value
CUST0147,12,7910.780000000001,4041.74,659.2316666666667,59.09583333333333,54,3,3,4,0,1,Medium Value
CUST0148,11,4055.0299999999997,2490.77,405.503,63.004,26,4,2,2,0,0,High Value
CUST0149,19,12257.710000000001,5938.89,645.1426315789474,56.148421052631576,1,5,5,5,0,2,Low Value
CUST0150,18,9465.59,5062.84,525.8661111111111,61.80111111111111,3,5,5,5,0,2,Low Value
CUST0151,18,9832.7,4925.5599999999995,546.2611111111112,62.021666666666675,16,5,5,5,0,2,Low Value
CUST0152,6,550.23,344.76,91.705,65.06,206,1,1,1,1,3,At Risk
CUST0153,8,2394.67,1478.57,299.33375,62.815,79,2,1,1,0,0,High Value
CUST0154,14,4288.24,2235.87,306.30285714285714,60.10142857142858,38,4,4,2,0,1,Medium Value
CUST0155,13,17379.55,9840.37,1336.8884615384616,58.86769230769231,7,5,3,5,0,2,Low Value
CUST0156,9,6152.08,3095.19,683.5644444444445,57.94222222222223,119,2,1,3,0,0,High Value
CUST0157,13,12297.66,6509.5199999999995,945.9738461538461,58.72769230769231,29,4,3,5,0,2,Low Value
CUST0158,12,5763.38,2970.96,523.9436363636364,61.28454545454545,9,5,3,3,0,1,Medium Value
CUST0159,11,4654.9,2332.04,423.17272727272723,61.98909090909091,116,2,2,2,0,0,High Value
CUST0160,14,9496.16,4611.51,730.4738461538461,57.55307692307693,165,1,4,5,0,1,Medium Value
CUST0161,8,10263.16,5120.92,1282.895,58.2025,15,5,1,5,0,0,High Value
CUST0162,10,7166.15,3835.2,716.615,57.884,4,5,2,4,0,0,High Value
CUST0163,7,2321.04,1184.31,331.57714285714286,57.14714285714285,3,5,1,1,0,0,High Value
CUST0164,15,11235.06,5633.9,749.004,59.926,49,3,4,5,0,2,Low Value
CUST0165,15,5209.17,2965.14,347.278,61.98066666666667,167,1,4,3,0,1,Medium Value
CUST0166,16,9365.26,5102.76,585.32875,60.40875,25,4,5,5,0,1,Medium Value
CUST0167,14,9325.34,4551.46,717.3338461538461,56.47,74,3,4,5,0,1,Medium Value
CUST0168,18,9852.45,5161.41,579.5558823529412,57.322941176470586,63,3,5,5,0,2,Low Value
CUST0169,12,4409.13,2430.76,367.4275,56.01333333333334,154,1,3,2,0,3,At Risk
CUST0170,17,6468.07,3463.2599999999998,380.4747058823529,61.351176470588236,121,2,5,3,0,1,Medium Value
CUST0171,21,4848.3,3078.24,230.87142857142857,63.94238095238095,7,5,5,2,0,1,Medium Value
CUST0172,4,948.06,522.78,237.015,59.0775,108,2,1,1,0,0,High Value
CUST0173,19,6002.35,3606.01,315.91315789473686,63.175789473684205,30,4,5,3,0,1,Medium Value
CUST0174,13,10873.24,4937.83,836.4030769230769,57.90538461538461,40,4,3,5,0,2,Low Value
CUST0175,9,1647.26,979.11,183.0288888888889,62.91777777777778,12,5,1,1,0,0,High Value
CUST0176,13,6402.01,3397.21,492.4623076923077,58.95,51,3,3,3,0,1,Medium Value
CUST0177,13,5674.9800000000005,3230.43,436.53692307692313,63.440769230769234,173,1,3,3,0,3,At Risk
CUST0178,12,7453.830000000001,3836.2900000000004,621.1525,59.982499999999995,37,4,3,4,0,1,Medium Value
CUST0179,11,1591.27,996.75,144.6609090909091,62.82,21,4,2,1,0,0,High Value
CUST0180,10,3053.3199999999997,1802.2,305.332,57.644000000000005,134,1,2,1,0,0,High Value
CUST0181,10,6300.62,3020.6099999999997,630.062,62.934000000000005,307,1,2,3,1,3,At Risk
CUST0182,14,10914.56,5692.08,779.6114285714285,57.71857142857143,185,1,4,5,1,2,Low Value
CUST0183,11,7727.95,4181.29,702.540909090909,64.07,295,1,2,4,1,3,At Risk
CUST0184,14,5493.04,3105.88,392.36,62.48142857142857,75,3,4,3,0,1,Medium Value
CUST0185,18,5643.34,2725.86,313.5188888888889,56.23166666666666,14,5,5,3,0,1,Medium Value
CUST0186,15,7299.29,3550.34,486.6193333333333,55.97533333333333,175,1,4,4,0,1,Medium Value
CUST0187,17,13940.98,7129.95,871.31125,58.72875,59,3,5,5,0,2,Low Value
CUST0188,10,3147.55,1715.88,349.7277777777778,55.50222222222222,214,1,2,1,1,3,At Risk
CUST0189,17,6911.77,3951.96,406.574705882353,60.47941176470589,104,2,5,4,0,1,Medium Value
CUST0190,9,3121.79,1463.94,346.86555555555555,59.958888888888886,144,1,1,1,0,0,High Value
CUST0191,15,5865.64,3171.98,391.04266666666666,59.14266666666666,110,2,4,3,0,1,Medium Value
CUST0192,12,6284.74,3360.77,571.34,59.39272727272728,252,1,3,3,1,3,At Risk
CUST0193,10,5893.32,2762.52,589.332,59.543000000000006,96,2,2,3,0,0,High Value
CUST0194,9,2870.02,1542.62,318.8911111111111,60.95222222222222,13,5,1,1,0,0,High Value
CUST0195,11,6734.32,3702.67,612.210909090909,57.61727272727273,5,5,2,3,0,0,High Value
CUST0196,18,1996.57,1178.76,117.44529411764705,63.69294117647058,14,5,5,1,0,1,Medium Value
CUST0197,12,3302.3100000000004,1856.05,275.19250000000005,61.865833333333335,57,3,3,2,0,0,High Value
CUST0198,11,2719.38,1583.02,247.21636363636364,62.58272727272727,230,1,2,1,1,3,At Risk
CUST0199,15,11773.220000000001,6268.08,784.8813333333334,57.514,53,3,4,5,0,2,Low Value
CUST0200,14,8101.09,4063.92,578.6492857142857,57.24785714285714,49,3,4,4,0,1,Medium Value
CUST0201,13,5327.599999999999,2696.69,484.32727272727266,58.49818181818182,164,1,3,3,0,3,At Risk
CUST0202,11,7952.37,4289.64,722.9427272727272,59.553636363636365,41,4,2,4,0,0,High Value
CUST0203,9,2475.58,1384.96,275.06444444444446,61.76888888888888,20,4,1,1,0,0,High Value
CUST0204,24,17611.98,9446.27,733.8325,61.07750000000001,9,5,5,5,0,2,Low Value
CUST0205,15,4107.5,2329.19,293.39285714285717,62.68857142857143,49,3,4,2,0,1,Medium Value
CUST0206,15,14295.03,7403.12,953.0020000000001,60.27066666666667,114,2,4,5,0,2,Low Value
CUST0207,16,7001.57,3814.42,437.598125,62.918124999999996,3,5,5,4,0,1,Medium Value
CUST0208,11,4318.9,2386.09,392.62727272727267,56.947272727272725,12,5,2,2,0,0,High Value
CUST0209,13,4157.53,2307.52,319.81,64.67615384615384,13,5,3,2,0,1,Medium Value
CUST0210,7,4447.7300000000005,2126.87,635.3900000000001,59.57142857142857,56,3,1,2,0,0,High Value
CUST0211,13,3079.36,1755.8899999999999,256.61333333333334,62.95583333333334,138,1,3,1,0,1,Medium Value
CUST0212,11,3411.2799999999997,2124.15,341.128,63.35,61,3,2,2,0,0,High Value
CUST0213,9,5527.36,2834.62,614.151111111111,53.653333333333336,89,2,1,3,0,0,High Value
CUST0214,8,667.7,426.37,83.4625,65.3325,93,2,1,1,0,0,High Value
CUST0215,13,5069.82,2402.59,422.48499999999996,58.29916666666667,59,3,3,3,0,1,Medium Value
CUST0216,12,4184.75,2604.8999999999996,348.7291666666667,64.94666666666667,57,3,3,2,0,0,High Value
CUST0217,8,4420.34,2269.28,552.5425,58.53875,131,2,1,2,0,0,High Value
CUST0218,14,4804.07,2706.36,343.1478571428571,62.910714285714285,0,5,4,2,0,1,Medium Value
CUST0219,17,4969.08,2723.69,292.2988235294118,61.30235294117648,97,2,5,2,0,1,Medium Value
CUST0220,12,4802.18,2540.14,436.5618181818182,58.346363636363634,71,3,3,2,0,0,High Value
CUST0221,16,5929.01,2888.65,370.563125,63.263125,23,4,5,3,0,1,Medium Value
CUST0222,16,4473.94,2302.9,319.5671428571428,60.89785714285715,5,5,5,2,0,1,Medium Value
CUST0223,10,3268.0,2071.1,363.1111111111111,63.82444444444444,117,2,2,2,0,0,High Value
CUST0224,15,8812.14,4571.83,587.476,60.75266666666666,118,2,4,4,0,1,Medium Value
CUST0225,16,6248.09,3600.63,390.505625,62.530625,57,3,5,3,0,1,Medium Value
CUST0226,7,6684.950000000001,3895.29,954.9928571428572,61.26428571428572,433,1,1,3,1,3,At Risk
CUST0227,9,1750.91,1032.85,194.54555555555555,64.50555555555555,5,5,1,1,0,0,High Value
CUST0228,12,7031.8,3828.3799999999997,703.1800000000001,61.443,13,5,3,4,0,1,Medium Value
CUST0229,12,10879.66,5379.07,906.6383333333333,54.30916666666667,153,1,3,5,0,2,Low Value
CUST0230,10,7689.490000000001,4297.6,768.9490000000001,57.147000000000006,38,4,2,4,0,0,High Value
CUST0231,12,7101.969999999999,3523.34,591.8308333333333,61.56583333333333,118,2,3,4,0,1,Medium Value
CUST0232,15,5396.96,3147.12,359.7973333333333,62.196000000000005,45,3,4,3,0,1,Medium Value
CUST0233,13,11249.98,5356.0,865.3830769230769,61.526153846153846,3,5,3,5,0,2,Low Value
CUST0234,3,3452.2,1920.7399999999998,1150.7333333333333,59.61666666666667,136,1,1,2,0,0,High Value
CUST0235,10,5714.71,3244.31,571.471,63.67,23,4,2,3,0,0,High Value
CUST0236,12,8181.66,4909.070000000001,681.805,65.68333333333334,182,1,3,4,1,3,At Risk
CUST0237,16,10586.85,5695.4800000000005,661.678125,60.41875,5,5,5,5,0,2,Low Value
CUST0238,13,8697.029999999999,4901.27,669.0023076923076,59.284615384615385,28,4,3,4,0,1,Medium Value
CUST0239,12,11813.58,5273.13,984.465,51.660000000000004,23,4,3,5,0,2,Low Value
CUST0240,15,5216.43,2806.9,347.762,60.61666666666667,97,2,4,3,0,1,Medium Value
CUST0241,7,1921.04,1175.99,274.4342857142857,62.519999999999996,88,2,1,1,0,0,High Value
CUST0242,11,6142.44,3050.75,558.4036363636363,61.97727272727273,199,1,2,3,1,3,At Risk
CUST0243,8,1726.67,1030.39,215.83375,65.3075,116,2,1,1,0,0,High Value
CUST0244,10,8245.41,4488.15,824.5409999999999,60.184000000000005,56,3,2,4,0,0,High Value
CUST0245,11,4824.37,2511.69,438.5790909090909,57.70636363636363,202,1,2,2,1,3,At Risk
CUST0246,11,7940.57,4090.22,721.87,59.78,54,3,2,4,0,0,High Value
CUST0247,13,6968.84,3793.95,536.0646153846154,60.01461538461538,36,4,3,4,0,1,Medium Value
CUST0248,9,3971.9300000000003,2328.5899999999997,441.3255555555556,64.72999999999999,19,4,1,2,0,0,High Value
CUST0249,17,6864.42,3432.47,429.02625,57.494375,29,4,5,4,0,1,Medium Value
CUST0250,9,2689.05,1385.85,298.78333333333336,57.37888888888889,106,2,1,1,0,0,High Value
CUST0251,8,1770.1299999999999,1002.2900000000001,221.26624999999999,60.63625,67,3,1,1,0,0,High Value
CUST0252,12,4660.84,2773.58,388.40333333333336,63.012499999999996,216,1,3,2,1,3,At Risk
CUST0253,10,1433.81,809.77,159.3122222222222,59.67444444444444,166,1,2,1,0,3,At Risk
CUST0254,12,7756.91,4312.5,646.4091666666667,63.07916666666667,110,2,3,4,0,1,Medium Value
CUST0255,19,7498.21,3655.4,394.6426315789474,59.28684210526316,18,4,5,4,0,1,Medium Value
CUST0256,11,4742.63,2603.7,431.14818181818185,59.31818181818182,63,3,2,2,0,0,High Value
CUST0257,14,8502.9,4592.5,607.35,60.26571428571429,50,3,4,4,0,1,Medium Value
CUST0258,11,4891.0,2606.6800000000003,489.1,58.675,13,5,2,2,0,0,High Value
CUST0259,8,7989.349999999999,4479.18,1141.3357142857142,57.910000000000004,45,3,1,4,0,0,High Value
CUST0260,15,4325.7,2214.19,288.38,60.916666666666664,29,4,4,2,0,1,Medium Value
CUST0261,19,5707.51,3018.78,300.39526315789476,62.6121052631579,5,5,5,3,0,1,Medium Value
CUST0262,18,10772.99,5722.33,633.7052941176471,59.607058823529414,16,5,5,5,0,2,Low Value
CUST0263,13,11050.94,5787.7,850.0723076923077,57.863076923076925,47,3,3,5,0,2,Low Value
CUST0264,11,5000.49,2644.66,500.049,60.138,57,3,2,2,0,0,High Value
CUST0265,13,4862.24,2899.04,405.18666666666667,62.70916666666667,76,2,3,2,0,1,Medium Value
CUST0266,9,2139.2400000000002,1309.95,237.69333333333336,61.47555555555555,12,5,1,1,0,0,High Value
CUST0267,12,3760.41,2050.33,341.8554545454545,61.66909090909091,196,1,3,2,1,3,At Risk
CUST0268,15,2905.75,1690.2,193.71666666666667,64.31066666666666,31,4,4,1,0,1,Medium Value
CUST0269,12,5737.19,3035.9900000000002,478.09916666666663,63.15083333333333,63,3,3,3,0,0,High Value
CUST0270,17,11559.33,5680.2300000000005,679.9605882352942,57.48352941176471,43,3,5,5,0,2,Low Value
CUST0271,11,7893.29,4163.04,717.5718181818182,55.971818181818186,82,2,2,4,0,0,High Value
CUST0272,9,2588.44,1415.8400000000001,287.6044444444444,60.96555555555555,389,1,1,1,1,3,At Risk
CUST0273,11,3815.01,2088.3,346.8190909090909,60.39363636363637,215,1,2,2,1,3,At Risk
CUST0274,19,13048.08,6946.21,686.7410526315789,57.08789473684211,9,5,5,5,0,2,Low Value
CUST0275,14,8732.99,4575.18,623.785,56.5,39,4,4,4,0,1,Medium Value
CUST0276,14,2776.05,1584.1299999999999,198.28928571428574,60.160000000000004,76,2,4,1,0,1,Medium Value
CUST0277,15,3199.71,1860.4299999999998,228.5507142857143,62.65071428571429,3,5,4,2,0,1,Medium Value
CUST0278,12,8697.37,4126.79,724.7808333333334,55.5075,1,5,3,4,0,1,Medium Value
CUST0279,11,4267.43,2304.82,387.94818181818187,62.15090909090909,122,2,2,2,0,0,High Value
CUST0280,4,941.76,560.8199999999999,235.44,60.215,55,3,1,1,0,0,High Value
CUST0281,17,10754.82,5731.04,632.6364705882353,58.453529411764706,85,2,5,5,0,2,Low Value
CUST0282,17,8003.92,4446.099999999999,500.245,61.275625,56,3,5,4,0,1,Medium Value
CUST0283,14,9804.09,4983.65,754.1607692307692,61.567692307692305,124,2,4,5,0,1,Medium Value
CUST0284,9,5799.71,2855.54,724.96375,61.24125,78,2,1,3,0,0,High Value
CUST0285,9,2633.52,1448.01,292.61333333333334,63.17666666666667,162,1,1,1,0,3,At Risk
CUST0286,9,7396.88,3654.86,821.8755555555556,57.08555555555555,92,2,1,4,0,0,High Value
CUST0287,13,6564.94,2925.08,504.9953846153846,56.01153846153846,26,4,3,3,0,1,Medium Value
CUST0288,17,12489.96,6446.6,780.6225,61.198125000000005,23,4,5,5,0,2,Low Value
CUST0289,16,4741.97,2760.44,296.373125,64.20875,107,2,5,2,0,1,Medium Value
CUST0290,13,1806.8200000000002,1110.6,138.98615384615385,64.48,119,2,3,1,0,0,High Value
CUST0291,8,2958.2,1685.02,369.775,61.60125,22,4,1,1,0,0,High Value
CUST0292,9,1347.6,831.3,149.73333333333332,67.14333333333333,41,4,1,1,0,0,High Value
CUST0293,13,3291.98,1950.33,253.22923076923078,60.23307692307692,5,5,3,2,0,1,Medium Value
CUST0294,10,3151.6,1679.57,315.15999999999997,62.711,260,1,2,1,1,3,At Risk
CUST0295,13,2263.92,1387.8799999999999,174.14769230769232,65.59307692307692,69,3,3,1,0,1,Medium Value
CUST0296,11,7448.4400000000005,3944.5,677.1309090909091,54.96636363636364,46,3,2,4,0,0,High Value
CUST0297,15,8236.43,4726.4,549.0953333333333,60.88666666666666,35,4,4,4,0,1,Medium Value
CUST0298,15,12417.01,6464.860000000001,827.8006666666666,57.09666666666667,27,4,4,5,0,2,Low Value
CUST0299,14,4921.4,2609.51,351.5285714285714,64.57785714285714,168,1,4,2,0,3,At Risk
CUST0300,8,3915.22,2082.99,489.4025,56.7325,37,4,1,2,0,0,High Value
CUST0301,18,4749.360000000001,2705.47,263.85333333333335,60.06277777777778,25,4,5,2,0,1,Medium Value
CUST0302,14,7921.3099999999995,4351.73,609.3315384615385,62.29230769230769,18,4,4,4,0,1,Medium Value
CUST0303,13,4991.98,2740.59,415.9983333333333,59.44166666666666,68,3,3,2,0,1,Medium Value
CUST0304,12,7274.53,3840.13,606.2108333333333,57.26416666666666,136,1,3,4,0,1,Medium Value
CUST0305,13,4957.93,2969.63,381.3792307692308,61.543076923076924,114,2,3,2,0,1,Medium Value
CUST0306,19,4518.7,2485.06,237.82631578947368,61.04157894736842,161,1,5,2,0,1,Medium Value
CUST0307,20,16435.920000000002,8361.78,821.796,57.053,30,4,5,5,0,2,Low Value
CUST0308,15,17969.41,9050.8,1197.9606666666666,54.17733333333333,137,1,4,5,0,2,Low Value
CUST0309,13,9532.91,5032.3099999999995,794.4091666666667,54.794999999999995,194,1,3,5,1,3,At Risk
CUST0310,17,8451.0,4889.610000000001,528.1875,56.08875,26,4,5,4,0,1,Medium Value
CUST0311,11,5365.0199999999995,2823.33,487.72909090909087,56.058181818181815,153,1,2,3,0,3,At Risk
CUST0312,17,6485.83,3971.71,381.51941176470586,64.9335294117647,14,5,5,3,0,1,Medium Value
CUST0313,9,8501.84,3194.0899999999997,944.6488888888889,61.00888888888888,22,4,1,4,0,0,High Value
CUST0314,17,13312.619999999999,7097.91,783.095294117647,63.20941176470588,125,2,5,5,0,2,Low Value
CUST0315,8,1126.4499999999998,623.3199999999999,140.80624999999998,63.02375,63,3,1,1,0,0,High Value
CUST0316,12,5549.75,2785.16,462.4791666666667,57.89666666666667,29,4,3,3,0,0,High Value
CUST0317,15,7580.84,3828.32,505.38933333333335,60.54066666666667,2,5,4,4,0,1,Medium Value
CUST0318,6,1946.63,1271.51,324.43833333333333,63.13166666666667,264,1,1,1,1,3,At Risk
CUST0319,13,8095.97,3836.93,674.6641666666667,59.50083333333333,18,4,3,4,0,1,Medium Value
CUST0320,14,8816.76,4684.11,629.7685714285715,59.34571428571429,16,5,4,4,0,1,Medium Value
CUST0321,12,2684.88,1682.6399999999999,223.74,64.02,39,4,3,1,0,0,High Value
CUST0322,15,15833.28,7557.67,1130.9485714285715,58.744285714285716,10,5,4,5,0,2,Low Value
CUST0323,14,14560.87,7779.31,1040.0621428571428,58.53357142857143,52,3,4,5,0,2,Low Value
CUST0324,10,1309.48,793.35,145.49777777777777,64.46666666666667,131,2,2,1,0,0,High Value
CUST0325,12,5734.26,2981.0,477.855,59.3775,61,3,3,3,0,0,High Value
CUST0326,12,5930.2699999999995,3102.59,494.1891666666666,57.82916666666667,3,5,3,3,0,1,Medium Value
CUST0327,9,5351.150000000001,3071.61,668.8937500000001,63.91375,22,4,1,3,0,0,High Value
CUST0328,14,2040.2800000000002,1150.33,145.73428571428573,63.18,122,2,4,1,0,1,Medium Value
CUST0329,16,9636.43,4824.25,602.276875,57.810625,111,2,5,5,0,1,Medium Value
CUST0330,10,7687.0,4144.0,768.7,56.909000000000006,74,3,2,4,0,0,High Value
CUST0331,19,6293.47,3361.93,349.63722222222225,61.845555555555556,88,2,5,3,0,1,Medium Value
CUST0332,14,6758.5,3830.04,519.8846153846154,62.91230769230769,56,3,4,4,0,1,Medium Value
CUST0333,18,8688.289999999999,4575.95,482.68277777777774,60.72333333333333,60,3,5,4,0,1,Medium Value
CUST0334,12,4373.89,2222.94,364.49083333333334,57.82833333333334,17,4,3,2,0,0,High Value
CUST0335,8,3441.11,1919.9299999999998,430.13875,60.66625,25,4,1,2,0,0,High Value
CUST0336,12,9670.96,4306.42,805.9133333333333,53.01583333333334,29,4,3,5,0,1,Medium Value
CUST0337,14,2294.6400000000003,1371.14,163.90285714285716,63.61642857142857,18,4,4,1,0,1,Medium Value
CUST0338,14,12376.710000000001,6497.75,884.0507142857143,62.728571428571435,72,3,4,5,0,2,Low Value
CUST0339,11,2516.4700000000003,1522.61,228.77,62.52636363636364,71,3,2,1,0,0,High Value
CUST0340,21,12403.16,6331.8,590.6266666666667,58.994285714285716,13,5,5,5,0,2,Low Value
CUST0341,10,4214.13,2220.65,421.413,55.94,238,1,2,2,1,3,At Risk
CUST0342,14,13708.59,7566.53,979.1850000000001,61.075714285714284,99,2,4,5,0,2,Low Value
CUST0343,9,7420.9800000000005,3707.19,824.5533333333334,63.66777777777778,8,5,1,4,0,0,High Value
CUST0344,12,10008.49,5482.67,834.0408333333334,58.185833333333335,4,5,3,5,0,1,Medium Value
CUST0345,9,6321.04,3325.04,702.3377777777778,57.10555555555556,166,1,1,3,0,3,At Risk
CUST0346,15,9855.210000000001,4886.25,657.014,56.37533333333333,224,1,5,5,1,3,At Risk
CUST0347,9,2818.61,1523.46,313.1788888888889,62.18444444444444,143,1,1,1,0,0,High Value
CUST0348,12,13176.029999999999,7130.18,1098.0024999999998,56.72833333333333,59,3,3,5,0,2,Low Value
CUST0349,16,10009.01,5182.4,667.2673333333333,57.68066666666667,6,5,5,5,0,2,Low Value
CUST0350,16,6712.990000000001,3623.58,419.56187500000004,60.40875,171,1,5,3,0,1,Medium Value
CUST0351,10,4937.14,2532.98,493.71400000000006,61.314,17,4,2,2,0,0,High Value
CUST0352,14,11896.19,6150.77,849.7278571428571,61.19357142857143,135,1,4,5,0,2,Low Value
CUST0353,17,10242.6,5024.74,602.5058823529412,57.23352941176471,0,5,5,5,0,2,Low Value
CUST0354,13,7546.83,4203.360000000001,580.5253846153846,58.09,30,4,3,4,0,1,Medium Value
CUST0355,11,21932.11,9808.4,1993.828181818182,55.60636363636363,138,1,2,5,0,2,Low Value
CUST0356,18,6965.72,3721.98,386.9844444444445,60.108333333333334,5,5,5,4,0,1,Medium Value
CUST0357,18,8482.05,4569.92,471.22499999999997,63.39611111111112,21,4,5,4,0,1,Medium Value
CUST0358,14,18575.9,9285.39,1326.8500000000001,60.83714285714286,112,2,4,5,0,2,Low Value
CUST0359,10,6150.870000000001,3132.2599999999998,683.4300000000001,58.29222222222222,189,1,2,3,1,3,At Risk
CUST0360,14,8567.69,4132.7,611.9778571428571,60.21214285714286,204,1,4,4,1,3,At Risk
CUST0361,12,2621.15,1547.93,218.42916666666667,63.446666666666665,70,3,3,1,0,0,High Value
CUST0362,13,3792.38,2040.8,291.72153846153844,61.223846153846154,25,4,4,2,0,1,Medium Value
CUST0363,11,15391.060000000001,7932.11,1399.1872727272728,56.25454545454545,63,3,2,5,0,2,Low Value
CUST0364,15,3788.47,2286.59,252.56466666666665,61.95066666666666,23,4,5,2,0,1,Medium Value
CUST0365,12,4133.01,2316.4700000000003,344.4175,60.982499999999995,58,3,3,2,0,0,High Value
CUST0366,11,1464.18,808.6800000000001,146.418,61.414,195,1,2,1,1,3,At Risk
CUST0367,10,15735.21,7152.82,1573.521,56.209,185,1,2,5,1,2,Low Value
CUST0368,12,14616.53,7503.05,1218.0441666666668,61.38333333333333,16,5,3,5,0,2,Low Value
CUST0369,13,6405.72,3558.14,492.7476923076923,60.94461538461538,16,5,4,3,0,1,Medium Value
CUST0370,16,3397.16,1880.23,212.3225,63.576875,204,1,5,2,1,3,At Risk
CUST0371,14,10719.97,5598.7,765.7121428571428,55.70642857142857,78,2,4,5,0,2,Low Value
CUST0372,11,8104.110000000001,4249.3099999999995,810.4110000000001,56.065,176,1,2,4,0,3,At Risk
CUST0373,13,5750.59,3151.77,442.3530769230769,58.27307692307692,230,1,4,3,1,3,At Risk
CUST0374,15,3320.98,1935.25,221.39866666666666,64.22,245,1,5,2,1,3,At Risk
CUST0375,16,5754.49,3326.32,359.655625,63.38875,2,5,5,3,0,1,Medium Value
CUST0376,15,7034.07,3739.19,468.938,62.29066666666667,68,3,5,4,0,1,Medium Value
CUST0377,15,4461.46,2585.64,297.4306666666667,60.93266666666667,40,4,5,2,0,1,Medium Value
CUST0378,9,2370.52,1195.58,263.3911111111111,61.52111111111112,173,1,1,1,0,3,At Risk
CUST0379,8,2835.5,1585.98,354.4375,58.23625,417,1,1,1,1,3,At Risk
CUST0380,18,4790.25,2721.31,266.125,60.61,5,5,5,2,0,1,Medium Value
CUST0381,12,6225.35,3277.2200000000003,518.7791666666667,57.663333333333334,44,3,3,3,0,1,Medium Value
CUST0382,24,11194.58,5461.37,486.7208695652174,60.31260869565217,18,4,5,5,0,2,Low Value
CUST0383,10,2513.2200000000003,1366.62,279.24666666666667,57.483333333333334,5,5,2,1,0,0,High Value
CUST0384,15,5438.77,3483.42,388.48357142857145,64.56714285714285,81,2,5,3,0,1,Medium Value
CUST0385,13,3589.6000000000004,2133.33,299.1333333333334,61.07833333333334,45,3,4,2,0,1,Medium Value
CUST0386,12,2284.62,1234.74,190.385,63.509166666666665,7,5,3,1,0,0,High Value
CUST0387,12,8346.82,4372.6,695.5683333333333,62.535833333333336,72,3,3,4,0,1,Medium Value
CUST0388,10,5702.58,3146.48,570.258,60.33,16,4,2,3,0,0,High Value
CUST0389,11,5210.98,2967.23,473.7254545454545,60.805454545454545,102,2,2,3,0,0,High Value
CUST0390,9,6909.77,3263.33,767.7522222222223,59.67666666666667,120,2,2,4,0,0,High Value
CUST0391,16,5919.85,2913.13,369.990625,64.201875,42,4,5,3,0,1,Medium Value
CUST0392,9,4907.5599999999995,2620.31,545.2844444444444,59.01222222222222,28,4,2,2,0,0,High Value
CUST0393,14,5974.75,3313.56,426.76785714285717,60.47571428571428,17,4,4,3,0,1,Medium Value
CUST0394,13,5105.74,2915.58,392.74923076923073,58.85153846153847,12,5,4,3,0,1,Medium Value
CUST0395,14,18457.11,9913.87,1318.365,59.55571428571428,4,5,4,5,0,2,Low Value
CUST0396,11,6569.870000000001,3548.1800000000003,597.2609090909092,58.708181818181814,222,1,2,3,1,3,At Risk
CUST0397,5,679.47,427.87,135.894,67.128,129,2,1,1,0,0,High Value
CUST0398,8,2199.8199999999997,1143.14,274.97749999999996,54.72625,221,1,1,1,1,3,At Risk
CUST0399,11,6664.03,3952.1800000000003,666.403,61.60600000000001,26,4,2,3,0,0,High Value
CUST0400,13,4079.8900000000003,2429.81,313.83769230769235,64.15615384615384,80,2,4,2,0,1,Medium Value
